[{
  "_id": {
    "$oid": "639494b656430998cd5eabb1"
  },
  "volunteer": {
    "$oid": "639496d556430998cd5eabf5"
  },
  "missionType": "",
  "projectName": "none",
  "hostStructure": {
    "$oid": "6395b7f87cb7eb1185a1ee4e"
  },
  "coordinationStructure": {
    "$oid": "6395b7f87cb7eb1185a1ee4e"
  },
  "supportStructure": {
    "$oid": "6395b7f87cb7eb1185a1ee4e"
  },
  "startDate": null,
  "endDate": null,
  "subventionNumber": "",
  "financialInformations": {
    "travel": null,
    "greenTravel": false,
    "pocketMoney": null,
    "hostingStructure": null,
    "sendingStructure": null,
    "visa": null,
    "wifi": null,
    "_id": {
      "$oid": "639494b656430998cd5eabb2"
    }
  },
  "projectReferant": {
    "$oid": "63937c406cc11d3f27c32d31"
  },
  "missionReferant": {
    "name": "",
    "surname": "",
    "email": "",
    "phone": "",
    "_id": {
      "$oid": "639494b656430998cd5eabb3"
    }
  },
  "__v": 0
},{
  "_id": {
    "$oid": "63976ac1e83a36dfbb93465f"
  },
  "volunteer": {
    "$oid": "639496d556430998cd5eabf5"
  },
  "missionType": "",
  "projectName": "jbbk",
  "hostStructure": {
    "$oid": "6395b7f87cb7eb1185a1ee4e"
  },
  "coordinationStructure": {
    "$oid": "6395b7f87cb7eb1185a1ee4e"
  },
  "supportStructure": {
    "$oid": "6395b7f87cb7eb1185a1ee4e"
  },
  "startDate": null,
  "endDate": null,
  "subventionNumber": "",
  "financialInformations": {
    "travel": null,
    "greenTravel": false,
    "pocketMoney": null,
    "hostingStructure": null,
    "sendingStructure": null,
    "visa": null,
    "wifi": null,
    "_id": {
      "$oid": "63976ac2e83a36dfbb934660"
    }
  },
  "projectReferant": {
    "$oid": "63937c406cc11d3f27c32d31"
  },
  "missionReferant": {
    "name": "",
    "surname": "",
    "email": "",
    "phone": "",
    "_id": {
      "$oid": "63976ac2e83a36dfbb934661"
    }
  },
  "__v": 0,
  "missionId": "63976ac1e83a36dfbb93465f"
},{
  "_id": {
    "$oid": "63976d2be83a36dfbb9346db"
  },
  "volunteer": {
    "$oid": "639496d556430998cd5eabf5"
  },
  "missionType": "",
  "projectName": "fgsfgs",
  "hostStructure": {
    "$oid": "6395b7f87cb7eb1185a1ee4e"
  },
  "coordinationStructure": {
    "$oid": "6395b7f87cb7eb1185a1ee4e"
  },
  "supportStructure": {
    "$oid": "6395b7f87cb7eb1185a1ee4e"
  },
  "startDate": null,
  "endDate": null,
  "subventionNumber": "",
  "financialInformations": {
    "travel": null,
    "greenTravel": false,
    "pocketMoney": null,
    "hostingStructure": null,
    "sendingStructure": null,
    "visa": null,
    "wifi": null,
    "_id": {
      "$oid": "63976d2be83a36dfbb9346dc"
    }
  },
  "projectReferant": {
    "$oid": "63937c406cc11d3f27c32d31"
  },
  "missionReferant": {
    "name": "",
    "surname": "",
    "email": "",
    "phone": "",
    "_id": {
      "$oid": "63976d2be83a36dfbb9346dd"
    }
  },
  "__v": 0
},{
  "_id": {
    "$oid": "639785d02c47055615199dad"
  },
  "volunteer": {
    "$oid": "639496d556430998cd5eabf5"
  },
  "missionType": "",
  "projectName": "addie",
  "hostStructure": {
    "$oid": "6395b7f87cb7eb1185a1ee4e"
  },
  "coordinationStructure": {
    "$oid": "6395b7f87cb7eb1185a1ee4e"
  },
  "supportStructure": {
    "$oid": "6395b7f87cb7eb1185a1ee4e"
  },
  "startDate": null,
  "endDate": null,
  "subventionNumber": "",
  "financialInformations": {
    "travel": null,
    "greenTravel": false,
    "pocketMoney": null,
    "hostingStructure": null,
    "sendingStructure": null,
    "visa": null,
    "wifi": null,
    "_id": {
      "$oid": "639785d02c47055615199dae"
    }
  },
  "projectReferant": {
    "$oid": "63937c406cc11d3f27c32d31"
  },
  "missionReferant": {
    "name": "",
    "surname": "",
    "email": "",
    "phone": "",
    "_id": {
      "$oid": "639785d02c47055615199daf"
    }
  },
  "__v": 0,
  "missionId": "639785d02c47055615199dad"
},{
  "_id": {
    "$oid": "639787a72c47055615199e72"
  },
  "volunteer": {
    "$oid": "639496d556430998cd5eabf5"
  },
  "missionType": "",
  "projectName": "fffs",
  "hostStructure": {
    "$oid": "6395b7f87cb7eb1185a1ee4e"
  },
  "coordinationStructure": {
    "$oid": "6395b7f87cb7eb1185a1ee4e"
  },
  "supportStructure": {
    "$oid": "6395b7f87cb7eb1185a1ee4e"
  },
  "startDate": null,
  "endDate": null,
  "subventionNumber": "",
  "financialInformations": {
    "travel": null,
    "greenTravel": false,
    "pocketMoney": null,
    "hostingStructure": null,
    "sendingStructure": null,
    "visa": null,
    "wifi": null,
    "_id": {
      "$oid": "639787a72c47055615199e73"
    }
  },
  "projectReferant": {
    "$oid": "63937c406cc11d3f27c32d31"
  },
  "missionReferant": {
    "name": "",
    "surname": "",
    "email": "",
    "phone": "",
    "_id": {
      "$oid": "639787a72c47055615199e74"
    }
  },
  "__v": 0,
  "missionId": "639787a72c47055615199e72"
},{
  "_id": {
    "$oid": "639788db2c47055615199f28"
  },
  "volunteer": {
    "$oid": "639496d556430998cd5eabf5"
  },
  "missionType": "",
  "projectName": "csv",
  "hostStructure": {
    "$oid": "6395b7f87cb7eb1185a1ee4e"
  },
  "coordinationStructure": {
    "$oid": "6395b7f87cb7eb1185a1ee4e"
  },
  "supportStructure": {
    "$oid": "6395b7f87cb7eb1185a1ee4e"
  },
  "startDate": null,
  "endDate": null,
  "subventionNumber": "",
  "financialInformations": {
    "travel": null,
    "greenTravel": false,
    "pocketMoney": null,
    "hostingStructure": null,
    "sendingStructure": null,
    "visa": null,
    "wifi": null,
    "_id": {
      "$oid": "639788db2c47055615199f29"
    }
  },
  "projectReferant": {
    "$oid": "63937c406cc11d3f27c32d31"
  },
  "missionReferant": {
    "name": "",
    "surname": "",
    "email": "",
    "phone": "",
    "_id": {
      "$oid": "639788db2c47055615199f2a"
    }
  },
  "__v": 0
},{
  "_id": {
    "$oid": "63978a322c47055615199fbf"
  },
  "volunteer": {
    "$oid": "639496d556430998cd5eabf5"
  },
  "missionType": "",
  "projectName": "rrr",
  "hostStructure": {
    "$oid": "6395b7f87cb7eb1185a1ee4e"
  },
  "coordinationStructure": {
    "$oid": "6395b7f87cb7eb1185a1ee4e"
  },
  "supportStructure": {
    "$oid": "6395b7f87cb7eb1185a1ee4e"
  },
  "startDate": null,
  "endDate": null,
  "subventionNumber": "",
  "financialInformations": {
    "travel": null,
    "greenTravel": false,
    "pocketMoney": null,
    "hostingStructure": null,
    "sendingStructure": null,
    "visa": null,
    "wifi": null,
    "_id": {
      "$oid": "63978a322c47055615199fc0"
    }
  },
  "projectReferant": {
    "$oid": "63937c406cc11d3f27c32d31"
  },
  "missionReferant": {
    "name": "",
    "surname": "",
    "email": "",
    "phone": "",
    "_id": {
      "$oid": "63978a322c47055615199fc1"
    }
  },
  "__v": 0
}]