[{
  "_id": {
    "$oid": "6395b7f87cb7eb1185a1ee4e"
  },
  "name": "none",
  "OIDNumber": "",
  "qualityLabelHostNumber": "",
  "projectReferent": {
    "name": "",
    "surname": "",
    "email": "",
    "_id": {
      "$oid": "6395b7f87cb7eb1185a1ee50"
    }
  },
  "legalReferent": {
    "name": "",
    "surname": "",
    "email": "",
    "_id": {
      "$oid": "6395b7f87cb7eb1185a1ee51"
    }
  },
  "__v": 0,
  "address": {
    "zipCode": "",
    "city": "",
    "country": "",
    "_id": {
      "$oid": "6395b7f87cb7eb1185a1ee4f"
    }
  }
},{
  "_id": {
    "$oid": "639788f82c47055615199f3b"
  },
  "name": "Structure de test",
  "OIDNumber": "",
  "qualityLabelHostNumber": "",
  "projectReferent": {
    "name": "",
    "surname": "",
    "email": "",
    "_id": {
      "$oid": "639788f82c47055615199f3d"
    }
  },
  "legalReferent": {
    "name": "",
    "surname": "",
    "email": "",
    "_id": {
      "$oid": "639788f82c47055615199f3e"
    }
  },
  "__v": 0,
  "address": {
    "zipCode": "",
    "city": "",
    "country": "",
    "_id": {
      "$oid": "639788f82c47055615199f3c"
    }
  }
}]