[{
  "_id": {
    "$oid": "639496d556430998cd5eabf5"
  },
  "name": "none",
  "surname": "",
  "gender": "",
  "email": "none",
  "password": "",
  "photo": "",
  "birthDate": null,
  "birthCity": "",
  "phone": "",
  "degrees": "",
  "occupation": "",
  "IBAN": "",
  "CESNumber": "",
  "ICNumber": "",
  "ICExpirationDate": "",
  "emergencyContact": {
    "name": "",
    "relation": "",
    "phone": "",
    "_id": {
      "$oid": "639496d556430998cd5eabf7"
    }
  },
  "mission": {
    "$oid": "639494b656430998cd5eabb1"
  },
  "__v": 0,
  "address": {
    "zipCode": "",
    "city": "",
    "country": "",
    "_id": {
      "$oid": "639496d556430998cd5eabf6"
    }
  }
},{
  "_id": {
    "$oid": "639841fcf817e3f6388c97ce"
  },
  "name": "Julien ",
  "surname": "ORTSCHEID",
  "gender": "Male",
  "email": "julien.ortscheid@gmail.com",
  "password": "$2b$10$NxaUBaPWy1tTNGbsy91FGeQR3BWp0137yHXhPUMgRusV45P3YpbrK",
  "photo": "1515161481",
  "birthDate": {
    "$date": {
      "$numberLong": "542451409000"
    }
  },
  "birthCity": "Marseille",
  "phone": "0666300871",
  "degrees": "Bac -2",
  "occupation": "code",
  "IBAN": "FR165166516565",
  "CESNumber": "23435",
  "ICNumber": "45345345",
  "ICExpirationDate": "11/03",
  "adress": {
    "street": "2 Avenue de Garlaban",
    "zipCode": "13012",
    "city": "MARSEILLE",
    "country": "France",
    "_id": {
      "$oid": "639841fcf817e3f6388c97cf"
    }
  },
  "emergencyContact": {
    "name": "Julien ORTSCHEID",
    "relation": "Moi",
    "phone": "+33666300871",
    "_id": {
      "$oid": "639841fcf817e3f6388c97d0"
    }
  },
  "mission": {
    "$oid": "639494b656430998cd5eabb1"
  },
  "__v": 0
},{
  "_id": {
    "$oid": "6398a42dac77fef2a1ea8bb3"
  },
  "name": "Youss",
  "surname": "Chen",
  "gender": "Non-binary",
  "email": "chen@gmail.com",
  "password": "$2b$10$JyKMRgRCbEG1nC2lQn1eWu7YFIRujndUoO8v7F4Gg5j1zZYbvuHuy",
  "photo": "",
  "birthDate": {
    "$date": {
      "$numberLong": "598032629000"
    }
  },
  "birthCity": "",
  "phone": "",
  "degrees": "",
  "occupation": "",
  "IBAN": "",
  "CESNumber": "",
  "ICNumber": "",
  "ICExpirationDate": "",
  "emergencyContact": {
    "name": "Benjamin ",
    "relation": "poto",
    "phone": "0662629516",
    "_id": {
      "$oid": "6398a42dac77fef2a1ea8bb5"
    }
  },
  "mission": {
    "$oid": "639494b656430998cd5eabb1"
  },
  "__v": 0,
  "address": {
    "street": "vitrollus",
    "zipCode": "13054",
    "city": "vitrolles",
    "country": "france",
    "_id": {
      "$oid": "6398a42dac77fef2a1ea8bb4"
    }
  }
}]